SC,Nl,AIF,RW,C,r,theta,Economic_Impact,Environmental_Impact,Social_Impact,EQ0,EQ1,EQ2,EQ3,EQ4,F0,F1,F2,F3,F4,I0,I1,I2,I3
4,180,200143.566854786,2600.065738391792,2,0.09555371898258025,0.8501945487875702,440140075.32585764,596471.8168243731,0.7703090895759928,0,1,1,0,1,0.47604499936095795,0.0,0.21901418802480663,0.08925637145642612,0.2156844411578093,0,0,0,0
1,58,42268.48422930746,2649.3331888401135,1,0.45360310586710084,0.6477663553402251,73291341.98582609,335918.32741357316,0.9981822468672646,1,1,1,1,1,0.5986702644313223,0.00987913555996444,0.0,0.1122480764922018,0.2792025235165114,0,0,0,0
1,45,39238.39816999393,2647.8757138891415,1,0.3904714025086526,0.6968098368288709,69447833.08318761,311837.46765428147,0.9979081823785523,1,1,1,1,1,0.5968735377030744,0.0,0.07496957640273406,0.11191119802802829,0.21624568786616327,0,0,0,0
4,175,178183.01292934656,2641.9899702805324,1,0.08232984931224151,0.0807179383248241,329780317.6407979,531024.5396311955,0.951346878065675,1,0,1,1,1,0.4593269127334827,0.16005496074379907,0.008591422331424311,0.15156501110652687,0.22046169308476715,0,0,0,0
4,175,179971.35651466265,2404.2848416687675,3,0.2150207894736882,0.7958144147968905,342432904.6983272,536354.1965579836,0.9555295266519075,1,1,1,1,1,0.553506769362437,0.0,0.0,0.13710375194926053,0.3093894786883024,1,0,0,0
